vinoth kumar.m70 | shj^&*123 | vinoth kumar.m | m.vinoth457492@gmail.com | REGISTERED
kk39 | k | kk | jh@gmail.com | REGISTERED
klj23 | kj | klj | jjjnlk@gmail.com | REGISTERED
rohit@72 | sdjkd | rohit@ | falg@gmail.com | REGISTERED
k5 | hj | k | hj@gmail.com | REGISTERED
kohli.r52 | efs | kohli.r | kohli.m@2@gmail.com | REGISTERED
yuvrajsingh..77 | gju | yuvrajsingh.. | jhj@gmail.com | REGISTERED
gs94 | sdsdf | gs | sf@gmail.com | REGISTERED
mishra78 | jhk | mishra | hj@gmail.com | REGISTERED
j8 | j | j | kg@gmail.com | REGISTERED
rahulkumar.m67 | ghjh | rahul kumar.m | rahulm..@gmail.com | REGISTERED
vinothkumar.m45 | k | vinoth kumar.m | l@gmail.com | REGISTERED
vinothkumar.m60 |  | vinoth kumar.m | hik@gmail.com | REGISTERED
klRahul.m20 | Adf@232\323c | klRahul.m | u@gmail.com | REGISTERED
viratkohli.r55 | klhgAF24@$#% | virat kohli.r | klkl@gmail.com | REGISTERED
hitman49 | fkhA13@# | hitman | afds@gmail.com | REGISTERED
kingkolhi.m65 | jvgFB32@%$#$ | kingkolhi.m | *kingkohli@gmail.com | REGISTERED
dhoni95 | jlFH25%$ | dhoni | jhik@gmail.com | REGISTERED
rishab74 | ajdkA456%^& | rishab | afk@gmail.com | REGISTERED
pandya16 | GJHAjuhkd368&@* | pandya | jg@gmail.com | REGISTERED
smith39 | stevensmithR2@ | smith | smith@gmail.com | REGISTERED
